Location,Latitude,Longitude
"M/s. Green Waves Environmental Solution, Sy. No. 43/1, Mindi (V), Gajuwaka (M), Visakhapatnam District.",17.7032853,83.2157248
"M/s. Apna Bhoomi E-Waste Management Services, Sy. No. 119, Near Bharat Junction, Kusalapuram (V), Etcherla (M), Srikakulam District. - 532005",18.2937633,83.8616006
"M/s. Veera Waste Management Systems, Plot
 No. 42, Block-D Extension, IDA, Autonagar Visakhapatnam District.-530012,",17.6909303,83.1924798
"M/s. Binbag Recycling Services Pvt. Ltd, Anatapur District",14.6757944,77.6307018
"M/s. Clean Earth Green Earth Solutions, Krishna District",16.2064371,81.1570376
"M/s. E-Parisaraa Pvt. Ltd, Plot No. 42A/4, Sy. No. 285 Part And Sy. No. 288 (P), Gollapuam (V), Hindupuram (M), Annathapuramu Distirct",13.8222599,77.5009298
"M/s. World Scrap Recycling Solutions (P) Ltd Plot No 50,Chittor District",13.4787911,78.8382644
"M/s World Scrap Recycling Solutions Pvt Ltd., Shed No 10 11 12,Chittor District",13.4787911,78.8382644
"M/s. Sungeel India Recycling Pvt. Ltd., Plot No. 59C & 59D, APIIC Industrial Park, Gollapuram (V), Hindupur (M), Anantapur District-515211",13.7287347,77.5218127
"M/s. Ramky ARM Recycling Pvt. Ltd., Plot No.",13.2274298,77.27887
"84/A & B, Road, No. 20/5, JNPC, Parawada,",17.6217306,83.0817699
Visakhapatnam District- 531019,17.6954131,83.0844532
"M/s. United Global Trust, F-5, Zoo Road, S enduri Ali Path, Guwahati, Dist. Kamrup (M) Assam",26.1713424,91.7778081
"M/s. ADV Metal Combine Pvt. Ltd., Shed No. - 25, Borai Industrial Growth Center, Rasmada, Dist.- Durg (C.G)",21.2505988,81.1912849
"M/s. Star E-Processors, Village-Baktara, P.O.- Godi, Tehsil-Arung, District- Raipur, Chhattisgarh",21.0833752,81.7523329
"M/s Fozia Traders, Khasra No.13/1, Saboli Mandoli
 Industrial Area, Delhi-110093",28.6757591,77.2596995
"M/s Muskan Technologies, B-96,Okhla Industrial Area,Phase-1,Delhi- 110020",28.5227555,77.2822909
"M/s. Shivnath Computers, E-47/2, 1st Floor, Okhla Phase-2, Delhi- 110019",28.537836,77.273008
"M/s. Techchef E-Waste Solutions Private Limited, C-61, Top Floor, DDA Shed Okhla
 Industrial Area, Delhi-110020",28.5325152,77.2714949
"M/s. Greenscape Eco Management Private
 Ltd., 348, Patparganj Industrial Area, Delhi- 110020",28.642297,77.311133
"M/s. Shree Raman E-Waste, Plot No. 7, Khasra No. 487, Peeragarhi Industrial Area, Peeragarhi
 Village, Delhi -110087",28.6755321,77.0908363
"M/s. E-coli Waste Management P. Ltd, Plot No.- 90 TO 92 Sabar Industrial Park Pvt. Ltd Vill- Asal Ta-Bhiloda Dist-Sabar kantha",23.4656911,73.1504725
"M/s. Mangalam ECS Environment Ltd, ECS House, 11-12 Garden View, Opp. Auda Garden, Sindhu Bhawan road, Off SG Highway-Pakwan Circle, Bodakdev, Ahmedabad 380054",23.0386593,72.5118581
"M/s. Pruthavi E-Recycle Pvt. Ltd., Plot No.- 31/32 Golden Industries Area Near Rolex Industries Vill- Kothariya Rajkot -360002",22.2354942,70.8073458
"M/s. E-Process House, Plot No. 136/F-1. 2nd Phase, GIDC, Dist Valsad VAPI 396195",20.3634554,72.9401509
"M/s. Earth E-Waste Management Pvt. Ltd., Block No. 63, Sagun Ind. Estate, Type-A Paiky 11-A, Plot No. 1 to 5 & 10-D, Plot No. 1 to 5, Vill-Altodara, Tal. Opad, Dist. Surat – 394130",20.593684,78.96288
"M/s. Recotech E-Waste Management, Plot No. 36-37, Aashirwad Industrial Estate, Udhana- Sachin Road, GIDC Naka, Sachine, Surat",21.10273,72.863819
"M/s. E-Front Line Recyclling Pvt. Ltd., Shed No. C1B-905\9, GIDC, Panoli, Tal: Ankleshwar, Distt: Bharuch, Gujarat- 394116",21.5607022,72.9900835
"M/s. Dron E-Waste Solution, Plot No. 56, G.I.D.C., Gozariya, Tal & Distt; Mehsana, Gujarat- 382825",23.4791994,72.5648468
"M/s. Eximo Recycling Pvt. Ltd., Plot No. 5/3, Raj Industrial Estate, Tal: Savli, Vadodara",22.5601256,73.2203899
"M/s. Galaxy Recycling, Sr. No. 36/P1, P2, 37/P2, 38/P2, Plot No. 52 &53, Near Tirth Agro. Pvt. Ltd., At: Bharudi, Tal: Gondal, Rajkot",22.0786543,70.7673969
"M/s. Basant Clean Enviro Ltd., Plot No. 67, G.I.D.C., Kadi, Distt: Mehsana, Gujarat- 382715",23.005904,72.5015333
"M/s. Eco Green Recycling, Plot No. 4, Near- Dynamic Textile, Ozar Road, Mota Ponda, Kapaada, Distt: Valsad, Gujarat",20.3509953,73.0464309
"M/s. Unicare E-Waste Recycler, Plot No. 9/1, Raj Industrial Park-III, Jarod-Savali Road, Karachiya, Tal: Savli, Distt: Vadodara- 391520",22.5291038,73.2558952
"M/s. Surbine Recycling (P) Ltd., Plot No. 765, GIDC Phase-II, Dared- 361004, Distt: Jamnagar",22.411755,70.059666
"M/s. Greentech Recycling, Plot No. 5&6, Maharaja Estate, B/H: Ananad hotel, Sarkhej- sanand Road, Ahmedabad",22.9778146,72.4979419
"M/s. Dinesh Appliances, Plot No: 10, R. K. Ind Estate, Rakhiyal, Ahmedabad",23.062746,72.6439509
"M/s. Mahammad Salim & Brothers Near Umiya Weigh Bridge, GIDC- Sachin, Tal: Chorasi, Dist: Sachin-394230",21.0915569,72.8590043
"Electro Waste Solutions Plot no: 631, GIDC- Halol, Dist: Panchmahal",22.5419553,73.4592701
"Felix Industries Pvt Ltd, Plot No:123, Devraj
 Industrial Park, 200 ft Ring Road, Piplaj-Pirana Road, Piplaj- 382405, Dist: Ahmedabad",22.9757828,72.561649
"Ecotime Industries, Plot No: 98 & 99, Sparkle Industrial Estate, Tal: Jalalpor, Dist: Navsari396436",21.0374847,72.926939
"Sharda Copper, Plot No: SME-06, Bardoli-2,
 (Miyawadi) Industrial Estate, Bardoli, Surat- 394601",21.1255374,73.1122499
"Bharuch Enviro Infrastructure Ltd (Beil), Plot no: 9701-16, 9801-28, 9901-28, 9601-04, 10001-
 10008, G-7 & 8, 7924- 27, 9401-9412, 9501-9506,
 7905 E to H, GIDC, Ankleshwar-393002, Ta: Ankleshwar, Dist: Bharuch",21.6143446,73.0115597
"Star Recycling, Survey no: 44 P1P1 44P1P2 & 46, Plot no: 45, R K Industrial Zone-09, Kuwadva- Wankaner Road, Ranpur360023, Tal & Dist: Rajkot",22.310724,70.811408
"R Planet Integrated Solution Pvt. Ltd Plot no: 201, 202 (old block no. 264,265 paiki 1), Village
 : Zak-382330, Tal : Dahegam, Dist : Gandhinagar",23.0912818,72.7522086
"Payas Recyclers, Survey No.2139, Plot No.28, Parshwa Industrial Park, B/H. Sandvik Asia, Ahmedabad-Mehsana Highway, Rajpur- 382740, Tal:Kadi, Dist: Mehsana",23.022505,72.5713621
"ID Technocom, Plot No.C1-414/P, GIDC Estate
 Mansa, Visnagar Road, Vill-Mansa, Mansa382845, Dist : Gandhinagar",23.441539,72.6553592
"M/s. Unity E-Recycling Co, Sr. No: 310/p, Plot No: 4, Danilimda, Ahmedabad-380028",22.9920446,72.5838814
"M/s. Mahaarana Industries Pvt. Ltd., Survey No. 466 & 475, Village: Timba, Ta: Daskroi, Dist; Ahmedabad",22.8443192,72.5263984
"M/s GL Recycling LLP, Survey No. 108, Village: Soliya, Ta.:Kotda Sangani, Dist.: Rajkot-360030",22.0487428,70.8605745
"M/s. Electro Alloys Recycling And
 Transformation HUB, Plot No. 301/13 , GIDC Palej-392220, Bharuch",21.9242666,73.087438
"M/s. Reart Recycling Private Limited., Plot No.365, Survey No.111p1, Golden Green Industrial Park (phase-D), Khambha-360311,
 Tal:Lodhika, Dist:Rajkot",22.1519434,70.720232
"M/s. Tvarita Phones Pvt. Ltd., Plot No.171, Survey No. 846, N. H. 8, Vapi, Valsad-396191",20.3549527,72.9084046
"M/s. Kalpana E-Recyclers, Plot No. 2486, Madhuban Industrial Park, Village: Kuha, Ta: Daskroi, Dist: Ahmedabad",23.0031124,72.7649054
"M/s. Enviro Green Recycling, Survey/Block No. 736/737, Village:
 Tarsadi., Ta: Mangrol, Dist: Surat -394125",21.0606678,73.1320101
"M/s. Liberty Recycling, Survey No.1439, Old Survey
 No.256/1/5, Near Balda Industrial Park, Village: Balda, Tal: Pardi, Dist: Valsad",20.5228288,72.9663563
"M/s. Green Earth Management Company, Plot No. 13, Supreme – 3 Industrial Park, Near Vibrant weighbridge, Zak- Kadadara Road, Vill.: Kadadara, Tal- Dahegam, Gandhinagar",23.0858038,72.7857069
"M/s. Gujarat Green Recycling, Plot No. MSME- 500, Sanand-II,
 Engineering Industrial Estate, GIDC Sanand-II, Dist:Ahmedabad",22.9514723,72.2683447
"M/s. New India Sales Corporation, Plot No. C1B-1915, GIDC Panoli,
 Dist: Ankleshwar-394116",21.5745,72.9900466
"M/s Technogreen Recycling Private Limited , Survey No.367-377, Village - Modasar. Tal- Sanand .Distt.Ahmedabad-382481",22.892482,72.3592341
"M/s. Evergreen E Waste Management Pvt. Ltd., Plot No.: 30, 31, Kamla Amrut Industrial Park, At: Budasan kadi, Taluka & Dist.: Mehsana –
 382715",23.3149178,72.4164166
"M/s. Egnus Ewaste Solution Private Limited., Plot No.31, Village: Motwan, Tal: Ankleshwar, Dist.: Bharuch- 393020",21.5541079,72.8838228
"M/s Global E Waste Management Systems Plot No: Shop No 729/s-1 to 729/s-5 , Sonum Township Nessai Salcete – Goa",15.2514814,74.0123851
"M/s. Group Ten Plus, H. No. 8/5, Abreovaddo , Saligao, Bardez, Goa",15.53973,73.784501
"M/s Honey Disposal Store, Plot No. 67-68
 Jarrout Road, Village Mandour Industrial Area Ambala city.",30.407473,76.7968506
"M/s. Thapar Disposal Industries, 902A/5/6, Chara Mandi Road, Ambala City",30.3752011,76.782122
"M/s. Mittal Battery, plot No. 349, Indl-Area, Ph- 1, Panchkula. (Not available on website)",30.6655239,76.8422076
"M/s. Exigo Recycling Pvt. Ltd., G. T. Road, Samalkha Panipat",29.2405272,77.0117647
"M/s. Exigo Recycling (P) Ltd., Barsat Road, Panipat",29.4260212,76.9929301
"M/s. Adinath Recyclotronix (P) Ltd., Plot
 No.#361, Industrial Estate, HSIIDC, Panipat(Not available on website)",29.3909464,76.9635023
"M/s Earth Waste Management Pvt. Ltd. Vill- Ismaila, Distt. Rohtak",28.7928756,76.7379808
"M/s. Giriraj Metal, P. No. 39 HSIIDC, IE, Kutana, Rohtak",28.8814017,76.5517132
"M/s. Green World International, Pvt. Ltd., GR 60-61 Ganpati Industrial Dham Industrial Area Bahadugarh Haryana",28.6913756,76.9314064
"M/s Renu Recycling Company , Plot No. 1257, MIE-B, Bahadurgarh",28.6836297,76.9560313
"M/s AMN E-Waste Management Pvt Ltd., Plot No. 171, Sector-59, Industrial Area, Faridabad (Not available on website)",28.4260938,77.3078661
"M/s Endeavor Re-processor and Recyclers India, Plot no. 323, Sec-24, industrial Area, Faridabad (Not available on website)",28.3575839,77.3074704
"M/s E-waste Solutions, Industrial Shed, 1A, Industrial Estate, Sec-6, Faridabad",28.361837,77.3195195
"M/s V S Enterprises, Plot no. 9, Pragati Vihar, Sector-59, Faridabad (Not available on website)",28.577451,77.238362
"M/s Dotline Informatics Pvt. Ltd., Plot No. 302, Ph-V, HSIIDC, Indl. Estate, Rai, Distt. Sonipat",28.8747224,77.1276629
"M/s RBH E-Waste Recycle Hub Pvt. Ltd. (old name M/s Satellite Vision India), Plot No. 130,
 HSIIDC, Rai, Distt. Sonipat",28.9240465,77.1028668
"M/s Global Waste Solution, Village Ram Nagar, Tehsil Ganaur, Distt. Sonipat",29.0868277,77.0826795
"M/s Global Waste Solution Unit-II, Village Dhaturi Tehsil Ganaur, Distt. Sonipat",29.1385215,77.0274612
"M/s Tes Amm (India) Pvt. Ltd., Village Wazidpur Saboli, Distt. Sonepat",28.9930823,77.0150735
"M/s Bluenvir, 81, HSIIDC, Rai, Distt. Sonipat",28.9267681,77.0967356
"M/s. EARTH SENSE RECYCLE PVT LTD, Plot
 No. 100, Sector - 5, IMT Manesar, Gurgaon",28.3692084,76.9239414
"M/s. Nirvana Recycling Pvt. Ltd., Plot No. D-6, Udyog, Vihar, Phase-VI, Sector-37, Gurugram",28.4983921,77.0849175
"M/s. Green Vortex Waste Management Pvt Ltd.Plot No 177, Sector 7, IMT Manesar",28.3742772,76.8858383
"M/s. SMS ENTERPRISES, Plot No. 544- D, First
 Floor, Sector -37, Pace City - II, Gurgaon (Haryana)",28.4376636,76.994743
"M/s. Apicem Recyclers Pvt. Ltd., Plot No. 359, Sector-8, IMT Manesar, Gurugram, Haryana",28.3784907,76.9339898
"M/s. KM Global E-Waste Private Limited, Ground Floor Plot no. -359, Sector-8, IMT Manesar, Gurugram, Haryana",28.3753044,76.8895447
"M/s 3 R Recycler, Plot No. 392, Sector-8, IMT Manesar Gurgaon",28.3738339,76.8969724
"M/s. Deshwal Waste Management Pvt Ltd, plot No-292, Sec-7, IMT Manesar, Gurgaon, Haryana",28.3727357,76.9105103
"M/s. Deshwal Waste Management Pvt Ltd, Plot No. -116, Sec-8, IMT Manesar, Gurgaon, Haryana",28.3727357,76.9105103
"M/s. Namo E-Waste Management Ltd., 14/1, Mathura Road, Faridabad Haryana",28.455841,77.30769
"M/s. E Waste Recyclers India, Shed no. 15 Roz Ka Meo Industrial Area Nuh.",28.5245577,77.2793059
"M/s Radhey Steel Traders, Vill. PatviBarara Road, Shahabad, Distt. Kurukshetra",30.1557114,76.8697232
"M/s Pegasus Waste Management Pvt. Ltd., Village -Bhora Kalan, Gurugram",28.3068784,76.8399337
"M/s. 3 R Zero Waste Pvt. Ltd.,Plot No.- 62,Sector-8, IMT Manesar",28.3714267,76.8890813
"M/s. Ecoverva Waste Recycling Private Limited, Plot No. 350
 Block C Village Pathreri Ansal Pioneer Industrial Park,
 Distt. Gurgaon",28.4594965,77.0266383
"M/s. Naturevolt Recyclers India Pvt Ltd, Plot No. 323, Part-IV, Sector-24,Faridabad",28.3575531,77.3074543
"M/s. AV Green Soluti ons Pvt Ltd., Plot No. 274, Sector-24 , Industrial Area,Faridabad",28.352235,77.30231
"M/s. Re Chakra Waste Management LLP., Plot No. -18, Sector-6, Faridabad",28.3640003,77.3183312
"M/s. CLG Projects LLP, Plot no 75-76 sector 59 pragati vihar Ballabgarh faridabad",28.3023243,77.3071819
"M/s. SSL E Waste Management LLP, Plot No. 410, Sector- 68, IMT, Faridabad",28.3190363,77.3626428
"M/s Shunty Disposal Store, Manmohan Nagar,
 G.T Road, Ambala city",30.3922488,76.7761246
"M/s. Green Wealth Solutions Pvt. Ltd. Plot No. 109, IE,
 Kutana, HSIIDC, Hissar Road, Rohtak",28.8955152,76.606611
"M/s. Endeavor Recyclers India Private Limited, 71//14/2/2, 71//15/1, Village- Hassangarh,Tehsil- Sampla, District- Rohtak,
 Haryana-124404",28.8364924,76.8461496
"M/s. Shivalik Solid Waste Management Ltd., (Unit –II), Village-Shabowal, Tehsil Nalagarh, District-Solan HP",31.0460685,76.7025709
"M/s Ortech India Corporations, Plot No. 67-B, Industrial Estate, Lodhi Majra, Baddi,",30.9578258,76.7913558
"M/s. VRG Groups, Gangyal",32.6742737,74.8646079
"M/s. Bashir Ahmad Babdemb, Srinagar",34.0868823,74.8148887
"M/s. Bashir Enterprises Noorbagh, Srinagar",34.0742387,74.8035549
"M/s. Meliorate Lubes Pvt Ltd, Plot No. 606/A, Ward No. 4/34, Vikas Nagar, hesal Piska More, Ranchi Jharkhand - 834005",23.3612433,85.1847924
"M/s. Simran Infotech, Vill & P.O Kanak Chas,
 P.S. Chandan Kiari dist. Kokaro Jharkhand- 828134",23.4872725,86.3121222
"M/s. Sriram Eco Raksha Computer Services Pvt. Ltd. No. B-29, KSSIDC Indl. Estate, Bommasandra, Hosur Road, Anekal Taluk, Bangalore – 560 099",12.8748301,77.4446749
"M/s. E-Friendly Waste Recyclers, First Floor, No. 17 1st, Cross, Azeez Sait Industrial Town, Nayandahalli, Bangalore-560039",12.9498005,77.5196967
"M/s. Eco Globe E-Waste Recyclers, Plot No. 87, 2nd Phase, 2nd Sector, Bidadi Industrial Area, Bidadi Hobli, Ramanagra Taluk and District",12.7968835,77.3838303
"M/s. E-Hasiru, No. 168/B, 1st Floor, 7th Main Road, 3rd Phase, Peenya Industrial Area, Bangalore – 558",13.0224384,77.5278356
"M/s. Green Enabled IT Solutions Pvt. Ltd., No. 2/1, 27th Cross, Behind Krishna Grand Hotel, Banashankari 2nd Stage, Bengaluru",12.9207431,77.5736418
"M/s. Coral Waters, No. 8E, KIADB Industrial Area, Hoskote Taluk, Banglaore Rural District",13.0692593,77.7982428
"M/s. Royal Touch, No. 3/2, 2nd Cross, Ezakiel Industrial Estate, K. G Halli, Nagawara Main
 Road, Banglaore",13.0335758,77.6223853
"M/s. Pharmateck Consultancy, Sy. No. 40/1, Mangammanapalya, Bommanahalli",12.9067482,77.6311854
"M/s. Cerebra Integrated Technologies Ltd., Plot No. 41 to 46, Appasandra village, KIADB Indl. Area, Narasapura Hobli, kolar Taluk and District",13.114418,77.9838578
"M/s. AGK Enterprises, Unit-I, No 33/A,
 Industrial “A” Layout, Bannimantap, Mysore - 570015",12.3428322,76.6447457
"M/s. Aptus Recycling Pvt. Ltd., Sy No. 241/4B, Magnur Village, Kirgavalu Hobli, Malavalli Taluk Mandya District- 571430",12.3897502,77.0375758
"M/s. E-Parisara Pvt. Ltd., No. 30-P3, Dabaspet Bangalore",13.2278101,77.2416451
"M/s. Tech Logic, Unit-2, Shed No. 36, 2nd Main, Ranganathapura, Bangalore - 560 044",12.980086,77.5303018
"M/s. E-Scrapy Recyclers, No.106, Andrahalli Main Road, Byreshwara Industrial Area, Peenya
 2nd stage, Bangalore - 560 058",13.0090687,77.4904786
"M/s. KH E-Waste Recyclers, No. 104, 1st Main Road, 4th Cross, Azeez Sait Industrial Area,
 Nayandahalli, Bangalore – 39",12.9275807,77.5506039
"M/s. RPN Industries, Plot No B2, KSSIDC Industrial Area, Kumbalgodu, Mysore Road,
 Bangalore-74",12.9098185,77.4809711
"M/s. I Seven, # 9/4, Kachohalli Industrial Estate Kachohalli, Near Saibaba Temple, Laxmipura
 Post, Bengaluru- 562123",13.0061346,77.4680012
"M/s. Greenscape Eco Management Pvt. Ltd., Plot No. R-12, Veerasandra Indl Area, Anekal Tq,
 Bangalore Urban District – 100",12.8490175,77.6895806
"M/s. Trishyirya Recycling India Pvt. Ltd., No.
 315, 4th Phase, Peenya Industrial Estate, Bangalore - 560 058",13.0220934,77.5143195
"M/s. E Pragathi Recycling Plot No. 66, Road No. 18, Anthaasanahalli Indl. Area, IInd Phase,
 Tumkur",13.3780611,77.1137428
"M/s. Ingram Micro India Pvt. Ltd., I Floor, Plot No. 1-4, Sy No. 5/2, 15th Km, Singasandra Post, Baretena Agrahara, NH-7, Hosur Main Road,
 Bangalore- 560100",12.911692,77.625902
"M/s. Vans Chemistry, Plot No. 94/5, Shed NO. 13R14, SRRLayout, Kannalli Village, Bangalore-
 560094",12.9901359,77.682602
"M/s. Moogambigai Metal Refineries, Unit (3), Plot No. 174, Industrial Area, Baikampady
 Mangalore- 575011",12.9566491,74.8212159
"M/s. Sogo Synergy Private Limited, Shed No. A- 57, KSSIDC Industrial Estate, Bommasandra, Hosur Road, Anekal Taluk, Bangalore Urban
 District – 560099",12.8747916,77.4447097
"M/s. MKK E-Waste Enterprises, Shed No. 292, Belur Industrial Area, Belur, Dharwad Dist-
 580011",15.5294486,74.909916
"M/s. BSMR Metals, No. R. O 7, KSSIDC Industrial Estate, Veerasandra II stage, Attibele Hobli,
 Bangalore Urban District",12.8748439,77.4446625
"M/s. Mak Technology Industrial, Shed No. SP-5, Veerasandra KSSIDC Industrial Estate, Phase 0- 11, 3rd Cross, Huskur Min Road, Electronic City
 Post, Bengaluru",12.8748663,77.4446423
"M/s. Earth Sense Recycle Pvt. Ltd., Printech Park Cluster 1st Phase, Plot No. A17, Kanakapura Taluk, KIADB Industrial Area Harohally Village
 Han, Harohalli, Ramanagara, Bangalore- 562112",12.6815831,77.4731876
"M/s. 4R Recycling Pvt Ltd, Shed No A-5, Industrial Estate, Peenya 3rd Stage Industrial area, Nallakadirenahalli Village, Yeshwanthpur
 Hobli, Bangalore North Taluk, Bangalore.",13.0195762,77.4983377
"M/s. Prakruthi Recycling Pvt. Ltd., Sy No. 22, Flat No. 103, 5th Block, 5th Cross, SSI Area,
 Rajajinagar, Bangalore- 560010",12.9897671,77.5620993
"M/s. Elxion Pvt. Ltd., P. No. 24, 23rd A. Main Road, J.P Nagar 2nd Phase Indl Bangalore- 560078",12.9097856,77.6480933
"M/s. K. G. Nandini Enterprises, No. 46/4, 46/5, Billakempanahalli Village, Bidadi Hobli, Ramanagaram District.",12.810243,77.406589
"M/s. Eco Bird Recycling Company Pvt. Ltd., No. 185, Azeez Sait industrial Area, Nayandahalli, Mysore Road, Bangalore -39",12.9446315,77.5255736
"M/s. Afeefa Spectro Alloys, Sy No. 289/1, Nagaragere village, Gauribidnur Tq.",13.7580824,77.6344717
"M/s. Rashi E-Waste Solutions Pvt. Ltd., SW-51, Shed No. 26, Phase II, Apparel Park, Doddaballapura, Bangalore Rural District",13.292726,77.538907
"M/s. Coral Communication and Networks Pvt. Ltd., No. 52, Hoskote Industrial area,
 Bangalore Rural District",13.0692593,77.7982428
"M/s. Ash Recyclers, No. 3, KSSIDC Ind Estate, Hoskote, Bangalore Rural District",13.0692593,77.7982428
"M/s. E Pragathi Recycling, Plot No. 66, Road No. 18, Antharasanahalli Indl Area, IInd Phase,
 Tumkur",13.3780611,77.1137428
"M/s Sheltron Digital systems Pvt.Ltd No.27, maney estate, Sy.no.121, Kumbalgodu,
 Bengaluru-560074",12.8794008,77.4451317
"M/s Tes-Amm, India pvt. Ltd. Sy. No. 118, Site. No. 8, Mookambika Temple Road, Machodalli
 Forest Gate, Magadi Road, Bangalore",12.9715987,77.5945627
"M/s Sonal Metacop, No.5, Sy No.5/1, Kachohalli
 Industrial Estate, Kachohalli, Laxmipura Post, Bangalore-562123",12.9912145,77.469042
"M/s E-Ward & Co. No.11, Mutthachari
 Industrial area, Nayandahalli, Mysore road, Bangalore-560039",12.9446315,77.5255736
"M/s. Swadesh Recyclers LIP,Sy. No. 216, KIADB Industrial Area, Koorandahalli Village, Malur
 Taluk Kolar District",12.9830286,77.9131747
"M/s. FR E-Waste Enterprises, Shed No. 120, Katha No 120/B, 52120/C, 5th Cross, Azeez Saig Industrial Area, Nayandahalli, Ward No 131,
 BBMP RR Nagar Zone, Bengaluru — 560039",12.9189158,77.5202043
"M/s. Amara metals enterprises, No V20/1, 4th
 main, 2nd stage, Peenya Industrial Area, Bengaluru -560058",13.0104046,77.5026325
"M/s. Sri sai company # R-15, Katha
 No.320/322/29, Chikkanagamangala, Sarjapura Hobli, Anekal Taluk, Bengaluru",12.8575579,77.7864057
"M/s. Global E-waste Management Services, P- 21, Hebbal Industrial area, Hebbal I Phase,
 Mysuru",12.3590745,76.6189504
"M/s. Echakra Innovations Pvt Ltd SB/47, 1st
 Cross, Peenya Ind Estate-Stage-1, Bengaluru",13.009441,77.5386913
"M/s. HMG Eco care Recycling ,C-22 3rd cross, Kumbalagodu, Bangalore560074",12.9021904,77.4691746
"M/s. Npewaste Private limited, Plot No. 96, Koorgalli Industrial Area, Belavadi Post, Mysuru
 -570018",12.3568639,76.5663637
"M/s. Earth Care E-waste Private Limited., Plot No.15,KIADB Industrial Area, 155, Kumbalgodu, KIADB Industrial Area, Kumbalgodu Village, Kengeri Hobli, Bengaluru South Taluk,
 Bengaluru",12.9017955,77.453704
"M/s. E-Plant Recycling, Plot No. 242/A, 2"" Phase, Narasapura Industrial Area, Kolar Tq &
 District",13.1770316,78.2020387
"M/s. Greens Recology,Plot No. 415, KIADB, Vasanthanarapura Industrial Area, Tumakuru
 Taluk and District",13.4625394,77.0362967
"M/s. India Best Way Recycling, Shed No. 08 (Mane Industrial Estate), Sy. No. 155, Kumbalgodu Village, Kengeri Hobli, Bengaluru
 South Taluk, Bengaluru Urban District —560074",12.8854042,77.6299601
"M/s. Eco Trend recyclers #81 A & 82A Kachohalli Industrial Estate,Dasanpura Hobli, Bengaluru",13.0039962,77.4672093
"M/s. Extract,Plot No. 14/A, KIADB, Attibele Indl. Area, Anekal Taluk, Bengaluru",12.7808512,77.7437775
"M/s. Gopalan reprocessors India Pvt Ltd No.131, A Main Road, Industrial Suburb, Peenya
 Ii Stage, Bengaluru",13.0274618,77.5261129
"M/s. IKON Recyclers .,Plot No.5, Ground & 2"" Floor, 2nd Cross, 2"" Main Road, Magadi Road,
 Bengaluru -560079",12.9817155,77.533767
"M/s. E-Scrappy Recyclers,No. 106, Adrahalli main road, Byreshwara industrialEstate, Peenya
 2nd stage, Bengaluru -560091",13.0143279,77.4879411
"M/s. Global Tech RecyclersNo-8/5,2nd Building, 1st Cross,,Kachohalli Village &Kachohalli
 Industrial Estate,Lakshmipura Post, Dasanapura",13.0000525,77.4709142
"M/s. GRKMS Private Limited,1st Stage, Sompura,Bharathipura Dabaspet,Bengaluru-
 562111",13.2237063,77.2664163
"M/s. Communication Test Design, India Private Limited Plot No 48, Near Balaji Temple, Peenya
 II Phase, Bengaluru -560058,",13.0350599,77.5225294
"M/s. JSA Web solutions, Plot No. 93 A-4, Phase II, Jigani Industrial Area, Jigani Hobli, Anekal
 Taluk Bengaluru",12.7856782,77.6300305
"M/s. Recycler India MGT LLP , Plot No.679 to
 689, KIADB industrial area , Harohalli 3rd phase Kanakapura Taluk, Ramanagara District",12.3207382,76.7809143
"M/s. Trishyiraya Recycling India pvt Ltd, SW51, Apparel park, indl area, Bashettihalli & part of Arehalli, Shed no.10, Doddballapura, Bengaluru-
 561203",13.2601044,77.5540605
"M/s. Envirotech IT Solutions No.136, 1st Floor, Shiva Farm, Magadi Main
 Road,Vrushabhavathinagar, Bengaluru -560079",12.9851517,77.4829938
"M/s. Ace Recyclers, Plot No. C29, KSSIDC, Industrial Estate, Hoskote Taluk, Bengaluru -
 562114",12.8748663,77.4446423
"M/s. E-Pragathi Recycling Pvt. Ltd. Plot No. 564, Sy.No.55 & 52, Yelladadlu Village, Vasanthanarsapura, Industrial Area, 2nd Stage,
 Kara, Hobli, Tumkur -572128",13.4804441,77.0306967
"M/s. Best E-waste Recyclers Pvt Ltd., Plot No.459, Vasantha Narasapura Indl Area, 2nd
 Phase, Tumkur- 572138",13.4625394,77.0362967
"M/s. E2E Recycling Buisness Pvt Ltd No.550, Sy No.102(p)Beeragondanahalli, Village, SIA 2nd stage,Nelamangala, Bengaluru",13.2241542,77.2495508
"M/s. Return lab Recyclers pvt ltd. P.no.68, Sw- 51, Phase-2, Doddabalapura Apparel park,
 Bengaluru-561203",13.2957137,77.5363908
"M/s. Think Recycling Pvt Ltd Plot No b-77 KSSIDC dustrialarea,Bommasand ra Bengaluru -
 560099",12.8124199,77.6940315
"M/s. Kerala Enviro Infrastructure Ltd, Infrastructure Ltd E Waste Dismantling Facility, Common TSDF project, Inside Fact-CD Campus,
 Ambalamedu, Kochi 682303",9.9780321,76.3840342
"Arihant E Recycling Pvt Ltd, Gut No.307/1, Shahada Road, Dondaicha, Tal-Sinkheda, Dist-
 Dhule.",21.2725651,74.7455078
"Eco-Recycling Ltd., Eco-House, Near Top Glass Enclave, Bhoipada,
 Near Range Office, Sativali Road, Vasai (E), Dist.
 Palghar",19.40523,72.849357
"E-Incarnation Recycling Pvt. Ltd. Plot No. J-56, MIDC Area, Tarapur, Boiser, Dist: Palgar,
 Maharashtra - 401506.",19.7831533,72.7444429
"Evergreen Recyclekaro India Pvt. Ltd., Gut. No. 113/A, Village Pali,
 Tal. Wada, Dist. Palghar",28.3806373,77.244826
"Hi-Tech Recycling (I) Pvt. Ltd, Property No.193, Gat No. 89, Pune-Satara Road, Shindewadi, Tal:
 Bhor, Dist:- Pune",18.4918182,73.8578034
"Justdispose Recycling Pvt Ltd. (Unit-II), S.No. 42/5,Kaddu Industrial Estate, Sativali
 Phata,Vasai (E), Tal-Vasai,Dist- Palghar.",19.4080181,72.8748695
"Pranam Enterprises, Sr. No. 286/116, Next to Badhe, Vill. Urali Deveshi, Tal. Haveli, Dist. Pune",18.5136455,73.8687257
"Techeco E-Waste Namo LLP, Gat No. 155 B/2, Village Dhakambe, Tal. Dindori, Dist. Nashik",20.1031861,73.8139689
"Threco Recycling LLP, Survey No. 153-3 & 149-1,
 Hedavli, Dist- Raigad.",18.7357931,73.0946926
"WE-The Recycling Company, H. No. 2212, Sr. No. 9-1 N, Behind Essar Petrol Pump, Village
 Borpada, Tal. Bhiwandi, Dist. Thane",19.3332306,73.0651203
"ECO RESET PRIVATE LIMITED PLOT NO. 19/1, MOUZA BHOWARI, KAMPTEE, NAGPUR,
 MAHARASHTRA - 441001",21.1541822,79.2761224
"ECO Friend Industries, Plot No. A-205, TTC Industrial Area, MIDC Pawane, Navi Mumbai,
 Tal. & Dist. Thane",19.137142,73.0172925
"A. S. ENTERPRISES SHOP NO 4 SHANKAR TEMPLE JASMINE BLDG PESTAM SAGAR ROAD NO 4 CHEMBUR,Chembur,Mumbai Suburban -
 400089",19.0703558,72.9020602
"AG Enterprises, Gat No. 815 (1), Kudalwadi, Chikhli, Pune 411062",18.6754742,73.8162715
"Alfa Trading Co. KOLHAPUR ESTATE,YADAV NAGAR,,KHERANI
 ROAD,SAKINAKA,Andheri,Mumbai Suburban - 400072",19.1088739,72.8936384
"Aman Trading Co. F/1, Annasagr Market, Behind Farooqi Hotel, Kurla Andheri Road, Jarimari, Kurla (W), Mumbai 400072",19.1122228,72.8673215
"Ambar Enterprises Awutade, Handewadi, Tal. Haveli, Dist. Pune 411028",18.4542527,73.9315733
"Amiable Electroning Pvt. Ltd. Plot No. D-141, Shirawane, TTC Industrial Area, MIDC Shiewane, Nerul, Navi Mumbai",19.1443447,73.0147956
"Anand Computer System 2160 B, Sadashiv Peth, Swamipuram Bldg, Shop No. 7,8,9, Pune - 411030",18.5039961,73.8480859
"Ancus India Reprocessing Pvt. Ltd., shop No. 2, Bldg. No. 1, Tiwari Estate, Vill:-Dhaniv,
 Nalasopara€, Vasai",19.4513129,72.7969236
"Aqsa Stamping, Plot no. 55, Rangara Industrial Estate, 33/35, Kiravali (Adivali), Tal. Panvel, Dist. Raigad.",19.1040481,73.0629662
"ARSH RECYCLING PRIVATE LIMITED GAT No. 1750, RANJANGAON GANPATI, PUNE NAGAR
 ROAD, Ranjangaon Ganpati, Pune - 412209",18.7550178,74.2448489
"Asquare Industrial Solutions Gala No. 3, Plot No. 35, Mulgaon, MIDC Khopoli, Tal. Khopoli, Dist.
 Raigad",18.7959592,73.3311361
"Avis Technoways Plot No. A-58, MIDC Osmanabad, Dist. Osmanabad",18.2267347,76.0388056
"Baban Plastic, Gut No. 1, At. Sajapur, Tal. & Dist. Aurangabad 401136",19.8726611,75.2225665
"Bharat E Waste Recycling Co. Sr. No. 189, Vill. Waliv, Vasai-Virar City (M Corp), Palghar -
 401208.",19.4169473,72.8611239
"Bhavesh Enterprises, Sr. No. 225/11, Hissa No. 23, Gausiya Compound, Gate No. 1, Vill. Pimpri,
 Tal. & Dist. Thane",19.2183307,72.9780897
"BKE RECYCLING Adsul Mala, Shivram Nagar,Uruli Devachi,URULI DEVACHI,Pune -
 412308",18.464335,73.953028
"Bombay Metal Works, Sr. 54, Hissa No. 4, Dahisar Road, Pimpri, Tal & Dist: Thane",19.0759837,72.8776559
"Bombay Recyclers Pvt. Ltd. Gala No. P-17-18, S. No. 121/2, Balaji Industrial Park, Behind
 Hindalco Co. MIDC Taloja, Panvel, Dist. Raigad",19.0696539,73.1270943
"Bsqaure E-Waste Recyclers, Gala No. 800, Survey No. 69/3, Siddhivinayak Market, Mohammadia Estate, Pimpri, Thane, Dist:
 Thane,Maharashtra.",19.2183307,72.9780897
"CBS EWaste Recycling Industries G.No. 18/63/2, At. Khanapur, Tal. Akole, Dist. Ahmednagar",19.4555024,74.4056612
"Chaudhary Metal 80/2, Village -Waliwali Dahisar, Mori, Mumbra Panvel Road, Group
 Grampachayat, Dist. Thane - 400612",19.1176095,73.0573736
"Clean Tech B/8, Gala no: 3, Parasnath indl Estate, Anjurphata Road, vill: Val, Tal: Bhiwandi
 Dist: Thane",19.2734206,73.0380133
"Connect Info Solutions India Private Limited c/o: A-one Logistics Shop No 4, Saibaba Apartment, Plot No 12, Sector 9, Near Corporation Bank, Khanda Colony, New Panvel -
 410206",19.0060645,73.1097656
"CPG Shell Mould & Casting, Plot No. W- 39, Additional MIDC, Satara",19.1946982,73.1966699
"E Clean E Green Recycling Umar Compound, Jabar Pada, Nalasopara, Vasai-Virar City (M
 Corp), Dist. Palghar 401208.",19.4198627,72.8116591
"Earth Sense Recycle Pvt. Ltd. A7, Gala No.1,2 & 3, Ground Floor, Prerana Complex, Val Village, Dapoda Road, Anjurphatta, Bhiwandi, District- Thane.",19.2608125,73.0413125
"Eco Layer E-Waste Recycling S. No. 11, H. No. 1/1, PT-8, S. K. Indl. Estate, Choudhary
 Compound, Vasai E, Palghar",19.3919275,72.8397317
"Eco Tantra LLP M-365, Raviwar Peth, Bohari Lane, Tal. & Dist. Pune",18.5161838,73.8621033
"Eco Tech Recycling, C/6, (5), Sagar Industrial Estate, S. No. 46/4, Dhumal Nagar, Vasai (E),
 Tal: Vasai, Dist: Palghar.",19.4191745,72.8680927
"Ecostar Recycling, Survey No.94 Hissa No.12 Mahadev Industrial, Near Ladi Company,
 Mumbra, Dist:- Thane- 400612.",19.2116729,72.960561
"EMS Scrapo, S. No. 199, Hissa No. 3, Bharat
 Market, Khan Compound, Shil-Mahape Road, Shil, Tal. & Dist. Thane",19.1506283,73.0411967
"Envirocare Recycling Pvt. Ltd. Unit no: 8/ C-I Actual Industrial Complex , Uchat, Road, Village
 : Magathane, Tal : Wada Dist : Thane",19.5135048,73.111895
"Environment Experts, Gala No. 11, Lane, J. K. Compound, Opp. Roshan Comp. Kherani Road, Sakinaka, Mumbai",19.1065472,72.890309
"E-Recon Recycling Pvt. Ltd. Gut No. 94, Chitegaon, Tal. Paithan, Dist. Aurangabad",19.7584354,75.2895182
"E -Refine Corporation Gut No. 24, Plot No. 2, Dargah Road, Additional Daultabad, Tal. & Dist.
 Aurangabad",19.8632799,75.3359906
"E-Waste Global,
 Gate No. 2, Near Theur Phata, Lonikand, Pune Nagar Road, Tal. Haveli, Dist. Pune 412216",18.5238441,74.0463799
"E-Waste Mart Survey No.94,Gala No.6,Umar Compound, Jahar Pada,Nalasopara, Vasai- Virar City (M Corp), District - Palghar - 401208.",19.4198627,72.8116591
"General Technologies India Pvt Ltd, Plot No. MBP-2, Building No.A-1, Office No. 1213, 12th Floor, Rupa Solitaire Building, TTC Industrial Area, Mahape, Dist. Thane",19.137142,73.0172925
"GNG Electronics Pvt. Ltd. Sr. No. 54, Hissa No. Dahisar Rd, Pimpri, Tal. & Dist. - Thane",18.6297811,73.7997094
"Go Green Recycling Unit No. 75/66, Hasti Industrial Estate, TTC Industrial Area, Mahape, Navi Mumbai",19.137142,73.0172925
"Grade Infratech Pvt. Ltd., Gut No. 849, Near Mahindra CIE, Ambethan Chakan, Village Chakan, Tal. Khed, Dist. Pune",18.7782168,73.8277042
"Green Enviro Services, 118/1, Wasali, Tal. Khed, Dist. Pune",18.5204303,73.8567437
"GREEN INDIA E-WASTE & RECYCLING OPC PVT. LTD.
 SURVEY NO. 74, HISSA NO. 1/A, House No. 500, POST-
 DAHISAR, District - Thane.",19.4945979,72.8604097
"Green IT Recycling Center Pvt Ltd
 Plot No. D-222, MIDC Ranjangaon, Dist.- Pune - 412209",18.7550178,74.2448489
"Green IT Recycling Centre Pvt. Ltd.
 Gat No. 207, Plot No. 3 & 4, Near Scienunero
 Company, Near PMT Depot, Shindewadi, Tal. Bhor, Dist. Pune",18.5003119,73.8613554
"GREEN PLANET RECYCLING SOLUTIONS SURVAY NO 72/1/A, AT BHANDARLI, DHASAR MORI, OLD MUMBRA PANVEL ROAD, TAL THANE, DIST THANE, - 400612",19.1289764,73.0614638
"Green Tech Solution Industries Gat No. 83/1, A/p. Wakhari, tal. Pandharpur, Dist. Solapur 413304",17.6805816,75.3155035
"Green Valley E Waste Management Pvt Ltd Gut No. 525/10, Village-Ghosai, Saza-Met, Tal.
 Wada, Ghonsai, Palghar - 421312",19.4973698,73.0833224
"Greenscape Eco Management Private LimitedMIDC Chakan Industrial Area (Ph-II), Pune - 410501",18.7632075,73.8613203
"Hari Om Scrap Traders 957/43, K.P. 2nd Lane,
 S. P. Road, Opp. Om
 Namahshivaya Bldg. Mumbai Central, Mumbai",19.0233641,72.8708004
"Harshita Green Recyclers, Gat No. 452, Urse Talegaon Dhabade, Tal. Maval, Dist.
 Pune",18.7071443,73.6437397
"Indian Scrap Traders Survey No. 11, Hissa No. 3/A, Ghusia Market, Gala no: 661, Vill: Pimpari, Post : Dahisar Dist: Thane",19.1144764,73.0668918
"J Choudhary & Company Sr. No. 67/3, Pipewal Lane Mohammadiya Estate, Pimpri Old Mumbai Pune Road, pimpri, Thane 400612",18.7279734,73.6540415
"J.S.Enterprises Gat No-132, Khalumbre, Chakan - 410501",18.7632075,73.8613203
"JRS Recycling Solutions Pvt. Ltd. Gala No. 428, S. No. 74, Hissa No. 2A, Garib Nawaz Estate, Old Mumbai Pune Road, Dahisar, Dist. Thane",19.4945979,72.8604097
"Just Dispose Recycling Pvt. Ltd. Unit No: 103,110,119, Arvind Industrial Estate, Navghar, Vasai (E), Dist: Thane",19.3846969,72.8361071
"K. G. N. Traders Survey No. 11, Hissa No. 30, Gausiya Market, Village- Pimpri, Post-Dahisar, Dist. Thane - 400612",19.1223092,73.0557864
"Kalawishwa Electrical, B-47 (Sub letting), MIDC Waluj, Dist. Aurangabad 431136",19.8409301,75.2418899
"Kapila Enterprises, Gat No. 46/3, At. Post. Supa, Tal. Parner, Dist:
 Ahmednagar",19.0948287,74.7479789
"Kohinoor E-Waste Recycling Pvt. Ltd. Gut No. 205/1 and
 205/2, Opp. Gurudatta Washing Centre, Dhekhu, Khalapur,
 Dist. Raigad",18.8305523,73.2846445
"KRISHNA METAL REFINERY Plot No.1-2/143 ,
 Sapronde Village, Taluka - Wada, District- Thane - 400086",19.6372506,73.1305349
"Kuldeep E-Waste Disposals, Sr. No. 50, Waghjainagar, Mabegaon Khurd, Katraj- Ambegaon Road, Katraj, Pune - 411046",18.4497736,73.8575564
"Lilashana Sales, Ramdas Company, Nandra Road, khamgaon, Dist. Buldhana",20.7131695,76.5650829
"MAC FIX STATION OFFICE NO 201, MAKHIJA ARCADE, 35TH ROAD,
 KHAR BANDRA LINKING ROAD, Bandra,
 Mumbai Suburban - 400052",19.0698892,72.8373532
"Mahalaxmi E- Recyclers Pvt. Ltd.Plot NO.77 &
 78, Subplot No. 3A, Ramtekde Industrial Area, Hadapsar, Tal. Haveli, Dist. Pune",18.4972172,73.9152375
"Maharashtra Enterprises, Plot No. 17, Rangara Industrial estate, Kiravali (Adivali), Old Thane
 Pune Road, Tal. Panvel, Dist. Raigad",19.3618865,72.8129029
"Mahesh Traders Plot No. 316, Shree Shahu Market Yard, Tal. Karveer, Dist. Kolhapur",16.707392,74.2599369
"Manihar Enterprises, Survey No. 74, Village Goteghar, Tal. Thane , Dist. Thane",19.2183307,72.9780897
"Manish Metal Gat No 925 , Near Ashtekar Bangla, A/P- Theur, Dist- Pune - 412110",18.5207076,74.0505752
"Map Trading Company Gat No. 670, Villoli, Tal. & Dist. Nashik 422010",19.9232789,73.7172605
"Masstech Recycling LLP Gala no 56, 58, 59 & 82, M.J.K. Compound, Kherani Road, Sakinaka, Mumbai - 400072 - 400072",19.109448,72.8949752
"Mauli Metals, Gut No. 222, At Kadachi Wadi, Post Chakan,
 Tal. Khed, Dist. Pune",18.746824,73.874985
"Mayra Corporation, Plot No. C-157, MIDC Malegaon,
 Tal. Sinnar, Dist. Nashik",19.8815288,73.9772453
"Mukesh Metal Sr. No. 93, Hissa No. 1, Behind
 Deepesh Lodge Gotegar Uttarshiv, Mumbra Road, Dist. Thane",19.136126,73.0510087
Nagraj E-Waste Recycling S.No.41 Vill Asoli Mouza Mahalgaon Tah Kamptee Dist Nagpur - 441202,15.803391,73.6801092
"National Traders
 S. No. 103/1/2, Undri-Saswad Road, Autade,
 Handewadi, Tal. Haveli, Dist. Pune",18.4550556,73.9137156
"National Trading Corporation, S. No. 56/1, Plot No. 18 & 19, Old Mumbai-Panvel Road, Village Pimpri, Tal. & Dist. Thane",19.0521656,73.0198873
"Navkar RecyclingSr. No. 69, Hissa No. 15, Mahamadiya Estate, Mumbai Panvel Road, Post. Dahisar, Dist.Thane",19.1194086,73.0567932
"New Ecotech Recycling Survey no. 136, Hissa no. 364, At Post - Khaniwade, Taluka
 -Vasai, District- Palghar Pincode -401305.",19.4986714,72.9098819
"New India Scrap Traders, Plot No. 31/E, Ashok Nagar, Dist. Aurangabad",19.8761653,75.3433139
"New Shivam Enteprises, Gala No. 326, At. Post. Khandale, Near Suruchi Dairy, Dist. Pune",18.5204303,73.8567437
"NICHOLAS RECYCLING PRIVATE LIMITED
 Nicholas Compound, Sativali Road, Valiv.",19.4070051,72.8661705
"Noble Trading Company, S. No. 11, Hissa No. 23, Gausiya Market, Village Pimpari, Old M. P. Road, Tal. & Dist. Thane",19.224915,73.0848645
"Om Recycling
 19/2 Mangalwa Peth,19/2 mangalwar peth pune., Peth, Dist. Pune",18.52258,73.8633407
"OM R V Interiors, S. N. 92, Hissa No. 3, At Pelhar, Tal. Vasai, Dist Palghar",19.3914324,72.8252058
"Pakeeza Traders, Plot No. 406, 407, 408, At. Soyapur, Tal. & Dist. Aurangabad",19.8761653,75.3433139
"Perfect E-Waste Recyclers, Plot No. A-8/1, MIDC Chikhalthana, Tal. & Dist. Aurangabad",19.8761593,75.3826284
"Poona E-Waste Solutions, 1/1009, Gat No. 2334/4, Wagholi, Pune 412207",18.5807719,73.9787063
"Prabhunath Traders, Sr. No. 314, H. No. 2, uril Devachi, Tal. Haveli, Dist. Pune",18.4449912,73.8577823
"Process Recycling Gala No,2, S.No 302, Richard Compound Near Maharashtra Vajan Kata,
 umang pharma road vasai phata, Dist. Palghar",19.4302271,72.8735762
"Progressive Recycler LLP. MIDC Chakan
 Industrial area (PH-II), D-45, Tal:- khed, Dist:- Pune",18.7656362,73.7698492
"Pune Greens Electronic Waste Recycler Pvt. Ltd. Sr. No. 63/1, B-4/1, Handewadi Road,
 Hadapsar, Pune",18.4760917,73.9309074
"R T Corporation, S.No.377, H.No.2, Ambisi Ganeshpuri Road, Village- Palsai, Tal: Wada, Dist-Palghar.",19.6025081,73.027614
"R.K.E-Recycling International LLP Gala no.-2, Tirupati Industrial Park, Sativali Road, Vasai East- 401208",19.4055741,72.8557411
"Rcube Recycling Pvt Ltd. Shree Ganesh Indl Estate,Vasai Palghat,Khairpada,Palghar -
 401330",19.4664045,72.8663173
"Recycling Future, S. No. 169, Bhangarpada, Post Kundevahll, Tal. Panvel. Dist. Raigad",18.9695233,73.0619261
"Regreen Recycling FLT 205, POCKET 5, GANESHWADI CHS LTD., BLDG 5, BHIM NAGAR
 MIDC ANDHERI EAST, Mumbai Suburban -
 400093",19.1176994,72.8700788
"Reteck Envirotech Pvt. Ltd. Plot No. 4 A, MIDC Taloja, Tal. Panvel, Dist. Raigad",19.0089115,73.0304029
"Right E-waste Recycle, S. No. 40/2/C, 40/3, Nashik Highway, Kalyan Sape Road, Tal.
 Bhiwandi. Dist. Thane",19.2965015,73.1513545
"Rolex Entrprises, Survey No. 218, Hissa No. 4/1, Dahisar, Navi Mumbai",19.0363376,73.021595
"Royal Scrap Traders, Gut No. 23, Plot No. 8, Mayurnagar, Naregaon, Dist. Aurangabad",19.8948536,75.3893096
"S. S. E-Waste Recyclers, Gut No. 442, Village Usar, Kondla Road, Tal. Wada, Dist. Palghar
 421312",19.5401596,73.0641396
"S.K. Enterprises Plot No: 134 Paiki Sub Plot No.- 1, Ahmednagar Industrial Estate Co-Op. Society Ltd, Nagpur-Pune Road, Ta & Dist -
 Ahmedanagar-414005.",18.5204303,73.8567437
"S K Enterprises, S. No. 77, Hissa No. 1, Hindustan Market, Dieghar, Tal. Shil, Dist. Thane",19.2183307,72.9780897
"S. N. Brothers, S. No. 305, Dongaripada, Near Classic Company, Vasai- Virar (M. Corp.), Dist
 Palghar",19.3814589,72.8294036
"Saani Enterprises, Gut No. 64, Plot No. 65, Mahal Pimpri, Dist. Aurangabad",19.9313583,75.4264024
"Sadab Traders Plot No. 1154, Gat No. 140/2A/1, Village Vilholi, Behind Jain Temple, Tal & Dist.
 Nashik - 422010",19.9232789,73.7172605
"SAHARA ENTERPRISES GAT N0 65 DEHU ALANDI ROAD , CHIKHALI, TAL.HAVELI DIST.PUNE -
 411062",18.679408,73.836757
"Sahara Traders, Gala No. 1, Ground Floor,
 Kalyan Road, Temghar, Tal. Bhiwandi, Dist. Thane",19.284389,73.0727528
"Sayma E-Waste Solutions, S. No. 323, Hissa no. 3, A Plot No. B-27, Urali Devashi, Tal. Haveli, Pune",18.7176722,73.7670914
"Scape E Recycler Private Limited Near Bus Stand, Behind Hotel Chandralok,Shikshak Colony, Purna Dist. Parbhani,Purna ,Parbhani -
 431511",19.1790258,77.030539
"Shabbir Traders Plot No. P/15 & 16, Sr. No. 119/120/121, Balaji Industrial Park, Behind Hindalco, Vill. Tondre, Tal. Panvel, Dist.
 Raigad",19.0696539,73.1270943
"Shifa Traders, Gut No. 63, Dehu Moshi Road, Kudalwadi, Chikhali, Tal. Mulshi, Dist. Pune",18.6793756,73.8400084
"Sigma Enterprises, Plot No. 5 & Gut No. 54/0, Adiwali, Tal. Panvel, Raigad",19.0995796,73.0611883
"SK E-Waste Disposal, Gat No. 116, Fine Weight Bridge, Jadhavwadi, Chikhali, Tal: Haveli, Dist:
 Pune.",18.681532,73.8281086
"SOLAPUR ECON RECYFINE PLOT NO. K-47 MIDC
 CHINCHOLI, Taluka - MOHOL, Chincholikati, Solapur - 413255",17.7506251,75.8037029
"Spas Computers Pvt. Ltd. 7 & 12, Hema Industrial Estate, Premises, Cos Ltd. Sarvodaya
 Nagar, Rajmata Jijai Road, Jogeshwari E",19.1438971,72.8427707
"Star Envo Recycling (I) Private Limited, Gala No 3, Survey No. 11, Hissa No. 1/1, Choudhary Compound, Wakanpada, Pelhar, Waliv, Vasai
 (E), Tal. Vasai, Dist. Palghar",19.4439643,72.8722249
"Sultan Disposal Stores, S. No. 28/2A/B, Undri, Opp. R Point, Pune Saswad Road, Tal. Haveli,
 Dist. Pune 411028",18.4888115,73.9509842
"Suritex Pvt.Ltd. Plot No. B-111, MIDC Industrial Area, Butibori, District - Nagpur.",20.9276401,79.0039904
"THE2BROS 70 AS KURLA ANDHERI ROAD,OPP JARIMARI
 TEMPLE,Chandivali,Mumbai Suburban - 400072",19.1073693,72.8822878
"Trekomac Refurbs Pvt. Ltd. Plot No, G-3, Five Star MIDC Kagal Hatkanangale, Tal. Kagal, Dist.
 Kolhapur",16.6042549,74.3862663
"Unity Enterprises, Gut No. 1745. Ranjangaon Ganpati, Tal. Shirur, Dist. Pune",18.7550178,74.2448489
"Universal Waste Management Gala No. B-10, D.
 P. K. Compound, Khairani Road, Sakinaka,
 Mumbai – 400072 - 400072",19.0876229,72.9177548
"Vatsala Enterprises, Gut. No. 183-6, Village Rajapur, Tal. Sangamner, Dist. Ahmednagar",19.5706487,74.2193999
"Vora Computers Pvt. Ltd. 1B, Lara Apartments, Sadhu Vaswani Chowk, Hotel Woodland Lane,
 1/D/3, Tal. & Dist. Pune",18.5252839,73.8758759
"Wonder Print Technologies Plot No. M-36, MIDC Ambad, Dist. Nashik",19.9456099,73.7403495
"Yasin Scrap, Gut No. 546, Shed No. 1, Jadhav Vasti, Village Wagholi, Tal. Haveli, Dist. Pune",18.5626966,73.9372298
"M/s. Unique Eco Recycle, Plot No. 26, Industrial Area, Palda, Indore (Madhya Pradesh)",22.6840966,75.9028261
"M/s. Moonstar Enterprises Pvt. Ltd., Plot No. 24/A, 24/D, 24/A-1, 21/D, 21/E, 21/E-1, Sector-B,
 Sanwer Road, Industrial Area Indore (MP)",22.7611002,75.8468591
"M/s. Prometheus Recycling Private Limited,
 786/4, 799/1, 800,, Dilawar Ka pura, Susera, Tal: Gird Dist: Gwalior, SIDC",26.3239454,78.1535928
"M/s. Sani Clean (P) Ltd., Plot No. 802/947, at- Tangiapada, Niala, Dist-Khurda",20.2138127,85.6152186
"M/s. Varun infra Steel Pvt. Ltd. Plot No. 1991/3942, At/P.O. Brahmani Tarang, Vedvyas, Rourkela-769004, Dist-Sundargarh",22.234424,84.7790897
"M/s. Jagannath E-Waste Recyclers, At-Pinchuli,
 P.O. Purushottampur, Dist-Ganjam",19.5233802,84.8854545
"M/s. P K Enterprises, Plot No.293/525, Khata No.127/4 At /P.O. Kalunga,Dist-Sundargarh",22.231322,84.7472259
"M/s Mirtunjai Udyog(Dismantler), At-AA/2, Civil Township, Rourkela Distt- Sundargarh",22.2244259,84.8265097
"M/s. Cosmic Net, B-25, Saheed Nagar, Bhubaneswar,",20.2898254,85.8447449
"M/s Ecokart Technology Pvt. Ltd., At/PO/Mouza-Kuradhamala, Daleiput, Dist- Khordha, M-
 7008551392",20.2913503,85.8716515
"M/s Ramky Enviro Engineer Ltd., Vill. Nimbuan, Tehsil Dera Bassi, District SAS Nagar.",30.6065894,76.9153281
"M/s Spreco Recycling, D-45, Industrial Area, Focal Point, Raikot, District Ludhiana.",30.8943494,75.9195249
"M/s K.J. Recycler, C-38, Sanjay Gandhi Nagar, Industrial Area, Jalandhar",31.3584883,75.5690784
"M/s Black Diamond Cements Pvt. Ltd., (E- Waste Dismantling & Recycling Facility), Village Humayunpur, Nariangarh Road, Tehsil Dera Bassi, District SAS Nagar",30.4208252,76.8821849
"M/s.Cosmos Recycling Grewal Nagar, Street No. 2, VPO Hambran Jagroan, Ludhiana",30.8942402,75.8298541
"M/s. Stellar Recycling LLP Village Lakhowal ( H.B.No.190 ), Tehsil & District Ludhiana",30.8972485,76.0177344
"M/s Kumar Enterprises, Malerkotla Road, village dulladi, teh nabha, Distt. Patial",30.3879586,76.1232976
"M/s. Green Bird Recycling, 223, Hadbast, Vill. Magarh, Kohara Macchiwara Road, Ludhiana",30.8657701,76.0072749
"M/s. H.M.E-waste Management G1-226, RIICO Ind.Area, Kehrani Bhiwadi (Extn.) Tijara Distt-
 Alwar",28.2070892,76.857682
"M/s. Dhruv Techengineers Pvt. Ltd., G-1209, Rampur mandana, Industrial Area, Bhiwadi,
 Alwar",28.2014149,76.8275503
"M/s Greenscape Eco Management Pvt.(Unt-II), F-588 & 591 MIA Alwar",27.5529907,76.6345735
"M/s Greenscape Eco Management Pvt Ltd F- 584-585, MIA, Alwar",27.5529907,76.6345735
"M/s ETCO E-waste Recycler pvt. ltd, SB-23, Shilp Bari Road, 1415 VKI Area, Jaipur",26.997294,75.7854856
"M/s. Universal E-Waste Recycling, G1-117 (B), RIICO Industrial Area, Alwar",28.11587,76.7862395
"M/s Green Leaf Recycling Industries, G-166- 167, West part, RIICO Ind Area Bagru Jaipur",26.8205657,75.5447741
"M/s Shukla E-Waste Processors, H-309 (B) RIICO Industrial Area, Bhiwadi, Tijara, Alwar.",28.2067217,76.8578993
"M/s Vasoo Metals, (Division-III) G-287, MIA, Alwar",27.5290056,76.6678255
"M/s. GS International, G1-101, Shri Khatu Shyam Ji Ind. Complex, Ringus, Sikar",27.3643828,75.4034289
"M/s. Adatte E-Waste Management Pvt. Ltd., C6/23, Opposite to Post Office , Safdarganj Development Area, New Delhi",28.5459277,77.199844
"M/s. Green Recycling Waste Management, J- 983, RIICO Ind. Area, Chopanki, Tijara, Alwar",28.1944557,76.8637887
"M/s. PWL Ventures, B137, Queen Road, Vidyut Nagar B, Jaipur (Plot no.- F142, Road no.-6,
 RIICO Ind. Area, Bindayka, Jaipur)",26.9011399,75.7558371
"M/s. Green India Waste Management, G-1/565, RIICO Ind. Area, Khuskhera, Tapukaa, Bhiwadi,
 Alwar",28.2069487,76.8577018
"M/s EPRAGATHI Recycling Pvt. Ltd., P.No. 29, SKS Industrial Area Ringus, Tehsil- Srimadhopur,
 Distt- Sikar- 332404",27.3766238,75.5579722
"M/s Hydro Engineers, H1-929, RIICO Industrial Area, Chopanki, Bhiwadi, District- Alwar",28.1944557,76.8637887
"M/s. Urban Metals, E-2118, Ramchandrapura RIICO Industrial area,
 Sitapura, Tehsil: Sanganer, District-Jaipur",26.7722834,75.856151
"M/s. Fateh Enviro Lab, Khasra No. 1036/14, Industrial Area, Jasol,
 Balotra, Barmer 344022",25.839754,72.230829
"M/s Abaad Developers Private, Limited at G1- 747, RIICO INDUSTRIAL AREA, CHOPANKI,
 BHIWADI, Alwar Rajasthan, 301019.",28.1944557,76.8637887
"M/s Green Web Recycling, H1-865, Industrial Area, Manda-II, Chomu,
 Jaipur 303702",27.1655759,75.7158062
"M/s Eraw Waste Management LLP, Plot no E-44, RIICO Industrial Area, Sarekhurd, Tijara, Alwar",28.2070892,76.857682
"M/s Golden Green Recyclers, G1-11, S.K.S. Industrial Area, Ringus, Sri
 Madhopur Ringus, Sikar 332404",27.4727934,75.5968715
"M/s. Vinay Traders, F-241-242, RIICO Ind. Area, Palra, Ajmer",26.4538854,74.635194
"M/s GPS International, G1-119 Industrial Area Manda Phase-I, Chomu, Jaipur- 303712",27.1655759,75.7158062
"M/s Greenlet Recyclers Private Limited, Plot No G-15-G, Sotanala
 Industrial Area, Behror, Tehsil- Behror, District- Alwar",27.8856475,76.2844296
"M/s Marss Recycler Private Limited G-5 Industrial Area Manda, Tehsil-
 Chomu (26 E-168 Near Meena Krishi Farm
 Murlipura Scheme Jaipur- 302039)",26.9720543,75.7628783
"M/s S.B.J. & Company F-137, Growth Centre, RIICO Industrial Area, Dholpur",26.6965521,77.8907576
"M/s. Tritech Systems, No.165/3, Porur, Chennai- 116",13.0343181,80.1642447
"M/s. Genbruze Solutions Pvt. ltd., S. F. No. 9.28, 29pt, Athipattu Village, Ambattur Taluk,
 Chennai District",13.0935352,80.1582088
"M/s. Ecosible Recyclers Pvt Ltd, No.154A/B,8th
 Mahatma Gandhi Road, Tass Industrial Estate, Ambattur, Chennai – 600098.",13.1080024,80.1610519
"M/s. Green Era Recyclers 37, Sivanandha Industries Estate, Dr. M.S. Udhayamurthy Nagar, Thadagam Road, Edayarpalayam, Coimbatore District - 641025",11.0407252,76.9248608
"M/s. Green India Recyclers, SF. No. 26/1B, Kovilpalayam Road, Soolakal Village,
 Coimbatore District.",10.749004,77.0911085
"M/s. A. K. Enterprises, No:12, Chakarapani St, Velacherry, Chennai-32.",13.044958,80.225881
"M/s. Shri Raaam Recycling, No. DP-29, SIDCO Industrial Estate, SIPCOT Industrial Complex, Gummidipoondi- 601201",13.4285521,80.1141896
"M/s. JADG India E-Waste Recyclers Pvt. Ltd., SF No. 256/1A1, Kollur Village, Kilikodi Post, Ponneri Taluk, Tiruvallur- 601206",13.3700075,80.155418
"AER Worldwide india Pvt Ltd, No.774,Elandandheri ,sadayankuppam village, near andar kuppam Check Post, Manali New Town, Chennai – 600103.",13.1944732,80.264191
"M/s. Abishek Enterprises, SF No. 2G, 2nd Ambattur, Chennai-600098",13.0921531,80.1849344
"M/s. Virogreen India Pvt. Ltd., No. 297/1B2, No. 49, Pappankuppam Village, SR Kandigai Road, Gummidipoondi Taluk, Tiruvallur-601201",13.4232134,80.0926014
"M/s. Earth Sense Recycle Private Limited, Survey No. 247, Kanttankulathur Panchayat, Thenmelpakkam Village, Singaperumal Kovil, Kanchipuram, Tamil Nadu- 603204",12.7165055,80.0003875
"M/s. Envirogreen E waste recycling Solutions, S.F.No. 2134, Plot No. 65, Palur Village, Chengalpattu Taluk & District",12.7612373,79.9080757
"M/s. Leela Traders., Plot No. C-15/1, CMDA Industrial Complex Maraimalai Nagar,
 Kancheepuram District",13.0701064,80.2707463
"M/s. SEZ Recycling, TP-7, IVth Avenue, mahindra World City Developers Limited, Industrial Estate, SEZ Area, Thenmelpakkam Village, Chengalpattu Taluk, Kancheepuram
 District",12.7289058,80.0071462
"M/s Trishyiraya Recycling India Pvt. Ltd., Plot No.A-7, Phase-I, MEPZ-SEZ, Tambaram, Chennai-600 045",12.9362363,80.1268211
"M/s. S. P. P. Enterprises, S. No. 184-4C, Mambakkam Village and Post Sriperumbudur Taluk Kanchipuram District",12.928739,79.9128619
"M/s. RBIA Minerals and Metals Pvt. Ltd., S. F. No. 205-1B2A, Knadur Village, Sriperumbudur Taluk, Kancheepuram District",12.9624975,79.9452748
"M/s. Punithan Enterprises Unit –II, No. 113/19 part, Rajiv Nagar, Peinjambakkam, Gundu Perumbedu Post SPR Talu, Kancheepuram Dt- 601301",12.8910878,79.9612368
"M/s. K. P. P Enterprises, No. 535-3C, Santhavellore Village, Sunguvarchatram Post, Sriperumbudur Taluk, Kancheepuram District",12.9149212,79.8611832
"M/s. G S ENTERPRISES S.F NO:254/2A2A,
 evalurkuppam Village, Sriperumbudur Taluk,Kancheepuram Dist 602105.",12.9624975,79.9452748
"M/s. Enviro Metals Recyclers Private Limited Pvt Limited Aluminium Division S.No. 104 and 106, Ezichur Village,Sriperumbudur Tk,Kancheepuram District.",12.8075301,79.9116782
"M/s. World Scrap Recycling Solutions Pvt. Ltd.,
 S. No. 351/7, Beemanthangal Village, Sriperumbudur Taluk, Kancheepuram District",12.9624975,79.9452748
"M/s. Green E Waste Private Limited, S. F. No. 294/pt, Ayanambakkam Village, Poonamallee Taluk, Tiruvallur District.",13.0908502,80.1464434
"M/s. Southern Alloys, DP No. S-105 and 106, SIDCO Industrial Estate, Kakallur Village Taluk and District",13.1266657,79.9188237
"M/s. Micro E-Waste Recyclers, SF No. 301/3, Varaganeri Village, Trichy East Taluk, Trichy District.",10.8114477,78.7019134
"M/s. M. G. Traders, No. 86, Nehru Street, Teachers Colony, Ambattur, Chennai - 600053",13.1110562,80.149635
"M/s. Udhaya Traders, No. 242, Tiny Sector Ambattur Industrial Estate, Chennai – 600058",13.0944792,80.1759107
"M/s Victory Recovery & Recycle Technologies India Pvt.Ltd., 672/2, Doubal Dragon Industrial Park, Kannur Village & Post Kottaiyur, Thiruvallur, District - Tamil Nadu - 602 108",12.982431,79.8429794
"M/s. TES AMM Private Limited, Plot No.A-18, SIPCOT Industrial Growth, Centre Oragadam, Panruti ‘A’ Village, Sriperumpudur, Kanchipuram District Tamil Nadu – 630 304",12.8498175,79.9136335
"M/s Arockia Enterprises, S.F.No.4/1E, Seevaram village, Sholinganallur taluk, Chennai – 600 097",12.9543074,80.2372504
"M/s Ascent Urban Recyclers Pvt Limited, SF No.62/1B, 2A2, Padur Road, Mevalurkuppam village, Sriperumbudur taluk, Kancheepuram district, Pin - 602 105",12.8076844,80.2258115
"M/s Blooming Recyclers, Plot. No. D9/2, SIDCO Industrial Estate, Maraimalai Nagar, Kizhikaranai village, Chengalpattu district.",12.7930081,80.0252383
"M/s E PROCESS House c/o Bharat Electronics Limited, SF No 3 & 10/1 Nanthambakkam village, Alandur taluk, Chengalpattu district",12.9823761,80.0602645
"M/s INAA Enterprises, DP No. AC-31/24, Thirumudivakkam village, Kundrathur taluk, Kancheepuram district",12.9768817,80.0863309
"M/s John Firm SF No.144/1C2, Kerekodihalli village, Karimangalam taluk, Dharmapuri
 district.",12.3055494,78.2091122
"M/s KGN Electronics, No.48 A, Dr Ambedkar
 College Road, Erukkenchery village, Perambur taluk, Chennai district",13.1120445,80.2595859
"M/s Ponniamman Enterprises, SF No. 216/3,
 Tiruvallur village, Tiruvallur taluk, Tiruvallur district",13.1370241,79.9169813
"M/s R.M Computers, Plot No.229, 9th Street, Ambattur Chennai – 600098",13.1123441,80.1706689
"M/s Sai Sri Waste Management Pvt Ltd, SF No 443/1B2, 443/2A, Padaveedu village, Kumarapalayam taluk, Kumarapalayam district",11.4382861,77.6958211
"M/s SKV E-Waste Recycling Pvt Ltd, Plot No.154 A&B, Tass Industrial Area, Ambattur SIDCO Industrial Estate, Chennai – 600 098",13.1186968,80.1495691
"M/s Tharani Electronics Waste, SF No.381/3pt, 381/2pt, 384/2pt, 384/3 pt, Sarkar Samakulam village, Annur taluk, Coimbatore district",11.1388328,77.03653
"M/s Earth Sense Recycle Pvt.Ltd., Plot No.37, APIIC Industrial park, Mankal (V), Maheswaram (M), Rangareddy District. Telangana- 501359",17.1324346,78.4276999
"M/s Z Enviro Industries Pvt. ltd., Pulimanmidi (V), Kandukur (M) Rangareddy District.",17.0636719,78.4886912
"M/s Silicon Planet Recycling Pvt. Ltd.,Sy. No.811/A, Ankireddypally (V) &Grampanchayat Keesara (M) , Medchal Malkajgiri District",17.5280399,78.6540576
"M/s. EnviroKare Recycling Solutions Pvt. Ltd.,
 Sy. No. 402, Raikal (V), Farooqnagar (M), Rangareddy District.",17.0679611,78.2054592
"M/s Shreem Mythri Enterprises, Plot No.50, phase-III, IDA Cherlapally, kapra (M), Medchal- Malkajgiri District.",17.4509794,78.6106322
"M/s. Elifecycle Management Private Limited, Sy. No. 468, 470, 471 & 472, Theegapur, Kothur
 Rangareddy District",17.1473513,78.2889005
"M/s. Malpani Antenna Electronics Pvt. Ltd., Plot No. D4, Phase-I, IDA, Pashamailaram, Patancheru (M), Sangareddy District",17.5360549,78.1943565
"M/s. Green Wave E-waste Recycling, Sy. No. 1880E, 1880EE, Nandigama (V&M), Rangareddy
 District",17.1198625,78.2547683
"M/s. Pure Earth Recyclers Private Limited, Sy. No.924, 994, Rudraram (V), Patancheruvu (M), Sangareddy District",17.5620838,78.1667854
"M/s Enviro Collection Centre (Dismantling Unit), Plot No.1-185/2/A, Sy. NO.298 part, Phase-I, IDA Jeedimetla, Medchal-Malkajgiri District.",17.5201101,78.3897723
"M/s Ramky E-Waste Recycling Facility, Hardware Park, kancha, Imarat of Raviryal (v), Maheswaram (M), Rangareddy District.",17.2427616,78.4794568
"M/s Earthbox Ventures (p) Ltd., (E-waste Dismantling Unit), Sy. Nos.29, 30, & 85, Uddemarri (V), Shamirpet (M), Medchal- Malkajgiri, District.",17.6183448,78.6781656
"M/s Bellus E Waste, Sy.No.4-120, Ramachandra Puram (GP), Kondurg (M), Rangareddy District.",17.507862,78.28959
"M/s Shreem Mythri Enterprises, Plot No.50, phase-III, IDA Cherlapally, kapra (M), Medchal-
 Malkajgiri District.",17.4509794,78.6106322
"M/s. Earthbox Recycling Private Limited Sy No 114/1, plot no s-2/12, Raviryala Grampanchayat, Maheshwaram (V & M), Rangareddy District",17.2156258,78.5135489
"M/s TES-AMM India Pvt. Ltd Plot no 79, Sy no 847, IDA Medchal, Medchal (M), Medchal- Malkajgiri District",17.6323358,78.4804828
"M/s Kamal Electronics Refurbishing of E-waste Solutions ,Sy No: 227/LU, 227/E1m 227/E2, 227/E/2/1 Atmakur (V) Sadasivpet (M),
 Sangareddu District.",17.6202841,77.9538767
"M/s. Chilkuri Enterprises, Sy No.14, Keesara (M), Medchal-Malkajgiri District",17.5027567,78.5585962
"M/s. Reboot Resources Private Limited, Sy. No.113 Part, Patelguda (V), Ibrahimpatnam (M), Rangareddy District",17.2201332,78.5858767
"M/s. Green Enviro E Waste Recycling, Sy. No. 729, Pochampally (V), B. Pochampally (M), Yadadri Bhuvanagiri District",17.3453819,78.8241068
"M/s. Recytronics Waste Solutions LLP, Sy.No.96/Part/C, Patelguda, Mangalpalle (V), Ibrahimpatnam (M), Rangareddy District",17.2306741,78.5886431
"M/s. Exclusive PC World, Plot No.30/9, Sy.No.460/2, TSIIC, IDA Mankhal,
 Maheshwaram (M), Rangareddy Distric",17.1357156,78.4329168
"M/s. Ali Traders, Sy.No.491/2, Alampally (V),Vikarabad(M), Vikarabad District",17.3502483,77.9055329
"M/s. Auctus – E Recycling Solutions Pvt. Ltd., F-637, M. G. Road, Industrial Area, Ghaziabad",28.6733454,77.2308071
"M/s. Mahaluxmi metal Alloys (India) Pvt. Ltd., Modinagar, Ghaziabad",28.8344396,77.5698527
"M/s. N.K. Products, 58-59, M. G. Road, Ghaziabad",28.6691565,77.4537578
"M/s Bharat Oil Co.E-18, Site – IV, Sahibabad, Industrial Area, Ghaziabad",28.6653694,77.3421786
"M/s Plant Green Recycling Pvt. Limited, G-129, Phase – I , M.G. Road, Ghaziabad",28.6234892,77.1354465
"M/s. Rocket Sales, Plot No. 1-12, I/A, M. G. Road, Hapur",28.7305798,77.7758825
"M/s. Ariglonton Information System Pvt. Ltd., Plot No C-13, Site-4 Sahibabad Industrial Area Ghaziabad",28.6794742,77.3496724
"M/S Fiz Trading Company, C55, Sector-B-3, Trans Delhi Signature City Tronica City, Loni, Ghaziabad",28.7850884,77.2606127
"M/S. Tele Supar Electronics India Pvt Ltd, B-15, Roop Nagar Industrial Area, Loni Ghaziabad,201102",28.7455273,77.2966056
"M/s R.R. Recycler Pvt. Ltd., Khasra No.-115, M, Vill- Achraunda, Tehsil & District- Meerut",28.9844618,77.7064137
"M/s. 6R Recycling, Plot No-272, MG Road industrial area, Hapur",28.6734772,77.2307673
"M/s 3R Recycler Pvt Ltd. Unit 2, Plot No. A-61/2, UPSIDC Industrial Area, Sikandrabad,
 Bulandshahar, Buland Shahar- 203202 Uttar Pradesh",28.4258595,77.5501073
"M/s Circularity Solutions PrivateLimited ( M/s. Karo Sambhav Pvt.Ltd., ) Khasra 95-96, Village
 - Sikhera,Hazazari Industrial Area, Modinagar, Ghaziabad",28.8344396,77.5698527
"M/S Ozone Waste LLP Plot No.- C-25, Upsidc,
 M.G. Road, Industrial Area, Hapur",28.6480113,77.5844849
"M/s. Arsh Recycling Pvt. Ltd., Plot No. 203, UPSDIC, I/A, M/G. Road, Ghaziabad",28.6425034,77.4472262
"M/s. Auctus Recycling Solutions Pvt. Ltd, Habibpur, Greater Noida",28.5347583,77.4486654
"M/s. Khan Traders, B-5, Site No. 4, Panki Ind. Area, Kanpur",26.4853371,80.23578
"M/s. Green Tech Recycling, Khasra No. 645,
 Acchraunds, Bahdurpur Road, Partapur, Meerut",28.9268136,77.6483313
"M/s. Narora Atomic Power Station, Narora, Bulandshahar",28.1573433,78.4097145
"M/s Metal Alloys, E-46, Industrial Area, Ramnagar, Varanasi",25.2454197,83.062984
"M/s Comwen Information Technologies
 Pvt.Ltd., 127/35B, ChakRagunath, Naini, Allahabad.",25.3905022,81.8632385
"M/s. Oasia Eco E-Waste Recyclers E-160, Industrial Area, Khalilabad, Sant Kabairnagar.",26.7700784,83.0919593
"M/s. Sims Recycling Solutions Plot No. 1, Udyog Kendrall Ecotech-III, Greater Noida",28.5422395,77.4532217
"M/s J.A.O. E-Waste Recycling Co, Vill- Jaitpur,Distt-Moradabad.",28.8909369,78.8453424
"M/s. HIN Green E-Waste Recycling Co. Vill- Jaitpur, Distt-Moradabad",28.8386481,78.7733286
"M/s S.R. Metcast India (P) Ltd 11.8 Km.Agra Mathura Road, Agra.",27.2097749,77.9819058
"M/s K.M. Metals Suppliers 9/270,271,Mathura Agra.",27.1766701,78.0080745
"M/s Prakash Metal House 39/223, Karwan Lohamandi, Agra.",27.1948875,77.9677
"M/s Shree MahaveerJi Trading Company, 30/127, Chippitala, Agra",27.2062889,78.0475805
"M/s. E-Waste Recyclers India, E-50, UPSIDC Industrial Area, 98Km Stone, NH-2, Kosi Kotwan, Mathura",27.7840235,77.3814093
"M/s E-Waste Recyclers Industries K40, UPSIDC Industrial area, NH-2 Kosikalan, Mahura",27.7871025,77.4381627
"M/s Supar Trading Company, Plot No.-3 Govt. Industrial Estate, Talkatora Road, Lucknow",26.8466937,80.946166
"M/s. V. R. Techno Enviro Services Pvt. Ltd., Khasra No. 440, Indira Priyedarshni Ward Jarhra Indira Nagar Lucknow",26.8798933,80.9926327
"M/s Greenzon Recycling Pvt. Ltd., R 30, UPSIDC, Industrial Area, Sikandrabad, Bulandshahar.",28.642511,77.4472335
"M/s Sachin Enterprises, 123/751, block-T 74
 Pratapganj Gadariyan Purwa, Fazalgang, Kanpur",26.459418,80.296935
"M/s Greeniva Recycler Pvt. ltd., Plot No. G-284,
 M.G. Road, Industrial Area, Hapur",28.6734639,77.2307713
"M/s S. Malik Traders, plot No.93, 94 vill-Budhera jahidpur, Meerut",28.9267486,77.7244626
"M/s Royal Faiz Recycling (P) Ltd, I-22, I.A.M.G. Road, Hapur",28.7474998,78.0651931
"M/s 3 C Recycler, F-326, I/A, M. G. Road, Hapur",28.7305798,77.7758825
"M/s Life E-Recycling (p) Ltd., F-435, UPSIDC I/A,
 M. G. Road, Hapur",28.7305798,77.7758825
"M/s Hind Recycler (p) Ltd., Plot No.F-203, M.G. Road, Hapur",28.6735536,77.2307442
"M/s Hayat Recycler, F-53,54 I/A, M.G. Road, Hapur",28.7305798,77.7758825
"M/s B.R.P. Infotech Private Limited, F-394, Phase-1, M. G. Road, Industrial Area, Hapur",28.6480113,77.5844849
"M/s Sky Green Waste Recycling, Management, Khasra No.174, Alipur Jijmana, Meerut, U.P",28.8917696,77.7597383
"M/s Swachh Bharat Recycling Company, Gali No.4, 2083, Saipuram Industrial Area, Delhi Road, Meerut, U.P.",28.9596958,77.7121238
"M/s Rudra Interprises, Plot No.A-96, Sector A-4, Tronica City, Loni, Ghaziabad",28.7824842,77.2724998
"M/s Avgree Recycling Pvt.Ltd. KH No.549, Vill- Tiyala, Meerut-Bulandshahar Road, Hapur Bypass, Hapur",28.7690053,77.7846982
"M/s Faiz Recycling, G-235, MG Road, Industrial Area, Hapur",28.7305798,77.7758825
"M/s Malik Recycling, 25-A, Anand Ind. Estate, Mohan Nagar, Ghaziabad.",28.6739778,77.3894639
"M/s U.W.M. Recycling Pvt Ltd. Plot No.-F-331, UPSIDC, M.G. road, Ind Area, Hapur.",28.7474998,78.0651931
"M/s Safdar E-Recycling Pvt Ltd. Plot No.H-69,
 M.G. road, Ind Area, Hapur",28.7474998,78.0651931
"M/s Horizon Recycling Pvt.Ltd., Khasra No.35, Kumarhera, 7th km Dehradun road, Saharanpur, U.P.",30.0752847,77.7914745
"M/s Golden E Waste Recyclers Pvt. ltd., Plot No.-12A, Gagol Road, Behind Sophia School, Udyog Puram, Partapur, Meerut",28.9151666,77.6469447
M/s R.D Recylers khasara no-46 village- shakharpur Hapur road Meerut,28.9177719,77.7359089
M/s Earth Zone Recycling Plot no-11 pargana- Hazipur Hapur road meerut,28.9553893,77.7310002
M/s Making India E-waste recycling management plot no-50 sector-3 Shatabdi nagar industrial Area meerut,28.9371669,77.6655006
M/s Indian Recycler Khasra No338 Vill- Wazidpur Kavali Jansath Muzaffarnagar,29.4726817,77.7085091
"M/s Greentek Reman Pvt Ltd. Plot No-B- 2/12,Site-B Inds Area Surajpur, Greater Noida",28.4897765,77.5102055
"M/s Clean Waste Management. Plot No-131, Udhyog kendra Second, Ecotech-3, Greater Noida",28.5332429,77.4690929
"M/s El green Recycling Pvt ltd.G-33, Sec-63, Noida",28.6300381,77.3817233
"M/s. AIMS Technologies Pvt Ltd.G-256, MG Road Inds area, Hapur",28.7474998,78.0651931
"M/s Future Web, 48-A, Harthala Inds Area, Kanth Road, Moradabad",28.8750807,78.7421743
"M/s Buddha Industries, Behind vision Exports Faridpur Sambhal Road, Moradabad",28.8386481,78.7733286
"M/s Latoori Shah Traders,Gata No1396, Bhojpur, Dharampur, Moradabad",28.9401866,78.8264074
"M/s Shoeb Waste solution, Gata No250, Vill- Fazalpur, Near Hindoli, Chadausi, Sambhal",28.5386693,78.6583124
"M/s NR E-Waste Company, Gata No235,237,245, 250K Vill-Sirsa, Inayatpur, Moradabad",28.7936338,78.7904774
"M/s Eco Trader, Plot no.454, Rooma, Kanpur",26.429928,80.3931423
"M/s Aseries Envirotek India Pvt, Ltd, Plot no. B- 10 Industrial area, Salon, Raebareli.",26.2144806,81.2528139
"M/s ATR Traders Private Limited, G380, M.G.Road, Industrial Area, Hapur Ghaziabad 2400 MT/A",28.6691565,77.4537578
"M/s Electronic Waste India VillKhujnawar Chutmalpur, Kalasia Road Teh.-Behat , Saharanpur",30.104806,77.7213073
"M/s Eco Green India, Khasra no.-447, Vill- Ghosipur, Hapur Road, Meerut",28.9577608,77.7159865
"M/s S.D. Recycling Process Industries, Khasra no.-51, 52, , Vill- Shakarpur,, Hapur Road, Meerut",28.9181326,77.7349796
"M/s HIN Green E-waste Recycling (P) Ltd, Khasra no.-733,737, Vill.- Baral, Partapur, Meerut.",28.9546457,77.6777068
"M/s J I ScrapTraders, Plot no. 418/12, Shastrinagar, Meerut",28.9552804,77.7309012
"M/s E Tech Interprises, Plot no.- E- 26,Phase-I/ G322 Phase-II, M.G.Road, Industrial Area, Hapur",28.6480113,77.5844849
"M/s Habib Trading Company, Khasra no- 28, Village- Alipur, Jijmana,Pargana & Tehsil- Meerut",28.9563893,77.8367282
"M/s B.R.P. Infotech Private Limited,F- 381, Phase-I, M.G.Road, Industrial Area, Hapur",28.6480113,77.5844849
"M/s Recology Recycling India Pvt. Ltd., Khasra no.-69, 70,71 , Vill-Piple Kheda,, Sargana Sarawa Meerut, Meerut",22.750651,72.6846658
"M/s Bright E-Waste Recycling India, Village- Ganeshpur, Mawana, Meerut",29.1445354,77.9603019
"M/s Sheetala Waste Management Project Plot no.-D-26, Sikandrabad Indl. Area, Tehsil- Sikandrabad, Bulandshahar",28.4672186,77.6638388
"M/s Spreco Resource Recyclers, Khasara no.- 235,Vill-Abdulpur, Block- Khekra, Baghpat, Meerut- 250101",28.8644717,77.2806207
"M/s Hind Recycling Pvt. Ltd., G- 460, UPSIDC, Industrial Area M.G.Road, Hapur",28.7305798,77.7758825
"M/s Eco Fly E-Waste Recycling Pvt. Ltd., Khasara no-26, Piplikhera, Bhamanpur Road, Indl. Area, Meerut",28.8887708,77.7603663
"M/s Green Earth E- Recycling , F-95, UPSIDC, Industrial Area, Gopalpur Sikandrabad, Bulandshahar",28.4511246,77.6954889
"M/s Waste Tech Recycling Company, Plot no HD-7, UPSIDC, Industrial Area, Sikandrabad, Bulandshahar",28.4511246,77.6954889
"M/s LIMR Recycling Pvt. Ltd., G- 256, Industrial Area, M.G.Road, Hapur",28.7305798,77.7758825
"M/s Sky Green Waste Recycling Managememt , Khasra No.- 51, 53,54,66,20,21, Vill.- Piplikhera, Hapur Road, Indl. Area, Meerut",28.6480086,77.4630265
"M/s D M Recyclers Vill.- Phaphunda, Hapur Road, Meerut",28.884571,77.7407318
"M/s Global Green E-Waste Recycling, Khasra No.- 57, Indl. Area, Udhyogpuram, Partapur,
 Meerut",28.9177792,77.6464779
"M/s. Anshul Machinery Job Works Unit-II, Khasra No. -260, Masuri, Dasna, Hapur",28.6981828,77.5382509
"M/s. Shiv Shakti metals Old Name Surya Metal, Khasra No. -545, Vill-Phaphrana, S. P. Industrial
 Area, Modi Nagar, Ghaziabad",28.8344396,77.5698527
"M/s. Waste PRO Recycling, Khasra No 35 And 36, Udayrampur, Nangla, Dasna, Tehsil-
 Dhaulana, Hapur,",28.6324331,77.6507489
"M/s. S F Recycling Pvt Ltd, Plot No. F-4, M.G. Road, Industrial Area, Hapur.",37.7749295,-122.4194155
"M/s. More Bright E Waste Erecycler P. Ltd., C- 78, Phase-III, M. G. Road, Indtl Area, Hapur",28.7474998,78.0651931
"M/s. Green Zone Recycling (P) Ltd., Plot No. -H.
 D. -6, UPSIDC Indl. Area, Sikandrabad,
 Bulandshahr",28.4511246,77.6954889
"M/s. Green Earth Recycler, Plot No. F-557, Industrial Areal, M G Road, Hapur",28.7305798,77.7758825
"M/s. A One E Waste Recycling, Vill. -Khardoni, Shekhupur, Meerut",29.0695778,77.8105278
"M/s. Sun E-Wsate Recycling Company F-163, Industrial Area, Kosi Kotwan, Ext.-1, Kosi Kalan,
 Mathura.",27.7906586,77.4282795
"M/s. Ezwaste Recycling, Khasra No. -38, Vill. - Sardhan, Budhana Road, Khatauli,
 Muzaffarnagar",29.2634326,77.713335
"M/s. Sri Balaji, Arazi No. -316/7, Vill.-Kataria, Pargana-Ralhupur, Distt.-Chandauli",25.2604696,83.264538
"M/s. A Q Recycling, Plot No-F-639, UPSIDC, Industrial Area, M. G. Road, Hapur",28.7305798,77.7758825
"M/s. Rajdhani Recycling P. Ltd., Plot No. F-416,
 M. G. Road, Indutrial Area, Hapur",28.7095877,77.1757169
"M/s. JSD Enterprises, J-78, Site-C, Surajpur, Industrial Area, Greater Noida",28.5070807,77.5213288
"M/s. E-Waste Recyclers India, Unit-3, Khasra No. -266, 110 KM Mile Stone, Tehsil-Chhata,
 Mathura",27.7227787,77.5023685
"M/s. E-Waste Recyclers India, E-49, UPSIDC Industrial Area, Kosi Kotwan, Mathura",27.7840235,77.3814093
"M/s 2NDS Computer, Plot no J-71, J-72, UPSIDC Industrial area, Kosi
 Kotwan, Mathura.",27.7840235,77.3814093
"M/s Sanif Insulation,Vill- Kakrala, Pargana- Bhokerheri, opp. Sugar Mill
 Morna, Muzarffarnagar-251316",27.8941595,79.1971742
"M/s Green India E-Waste Recycling Khasra no-3, Hapur Road, Vill.-
 Ruknuddin Urf, Phaphunda, Meerut",28.8974632,77.7387993
"M/s Ever Green E-Waste Recycling Management,Vill.-Rampur, Tehsil.-
 Mahmudabad, Distt.- Sitapur",27.2967145,81.1251235
"M/s Era Green E-Waste Recycling Pvt. Ltd., Khasra no-189/2, Plot No.-
 B-35/1, Vill.-Kunda, Distt.- Meerut",28.9844618,77.7064137
"M/s A R Computer Scrap, Plot No.-7, Pillokhari Road near Falak Palace,
 Meerut",28.9751005,77.7058134
"M/s Aksha Recycling & Waste Management Pvt. Ltd.,, Khasra no.-
 876,1193-1195, 7.5 K.M. Jansath Road,Vill.- Sher Nagar,
 Muzaffarnagar",29.4020392,77.7796243
"M/s Khekra Fabrication & Recycle Industries Pvt. Ltd., Khasra no.-31,
 Vill- Udairampur Nagla, UPSIDC Asrea, Mussoorie Gulawati Road,
 Pargan-Dasna, Tehsil-Dhaulana, Hapur-245301",28.6324331,77.6507489
"M/s Greenwish E-Waste Recyclers, F- 162, Industrial Area, Kosi Kotwan,
 Extn.-1, Kosi Kalan, Mathura",27.7906586,77.4282795
"M/s GreenLink Recyclers Pvt. Ltd., Khasra no.- 1641, Dasna, Kushilya
 Road, Tehsil- Ghaziabad, distt.- Ghaziabad-
 201009",28.6924368,77.5228322
"M/s Cynosure Recycling Private Ltd. Khasara No.-64, Vill.-Peeplikhera,
 Pargana-Sarawa, Meerut-250002 U.P.",28.8844437,77.7709558
"M/s Reclaim Enviro Pvt. Ltd., E.-506, Industrial Area, M.G. Road, Hapur",28.7305798,77.7758825
"M/s Ecotech Recyclers, Khasara No.- 1049,1050.1051, Vill.-Peeplikhera, Pargana-Sarawa, Meerut-",28.8844437,77.7709558
"M/S Recyclico Waste Management, Khasra No169 Green Land Industrial Complex, Gram- Dhakpura Tappa Haweli,Badaun, Up - 243638",28.0931875,78.7676875
"M/s WEEE PRO RESource Recovery Solutions Private Limited F-39 UPSIDC Industrial area , Gopalpur , Sikandaradbad,Buland shahar-
 203001",19.2647208,84.8620054
"M/s. 3R Recycler Plot No. A-61/1, UPSIDC Industrial Area, Sikandrabad, Bulandshahar,
 Buland Shahar- 203202 Uttar Pradesh",28.4258595,77.5501073
"M/s Attero Recycling Pvt. ltd. Kh. No.117, Raipur Industrial Area, Bhagwanpur",21.3121705,81.6446049
"M/s Bharat Oil & Waste Management ltd. Mauja Mukimpur, Laksar, Haridwar",29.7711092,77.9637987
"M/s Resource E-Waste Solution Pvt.Ltd. F-97, Industrial area, Bhadrabad, Haridwar",29.9195136,78.0409416
"M/s Anmol Paryavaran Sanrakshan Samiti, Daulatpur Hazaratpur urf, Budhwasahid,
 Daulatpur",30.1069161,77.8577893
"M/s. Starto Metal Recycle plant , Kh. No-314 Kh, village –Mehvar Khurd, Roorkee",29.8542626,77.8880002
"M/s. Nayak Enterprises, Village Dhakia, No. 1, Post Kundeshwari, Tehsil Kashipur, District Udham Singh Nagar, Kashipur, Uttrakhand,
 244713, India",29.2103348,78.9600609
"M/s. Root Recycling, Khasra NO. 911, Village Padli Gurjar, Roorkee, Haridwar",29.8431125,77.8688851
"M/s. Asha Enterprises, Khasra No. 438/1, Rawli Mehdood , Hpase-2, Gangotri Enclave, Haridwar",29.9456906,78.1642478
"M/s J.S. Pigments Pvt. ltd, Vill.+ P.O.-Jarua, P.S.- Polba, Hoogly-712138",22.5784679,88.3930749
"M/s Lubrina Recycling Pvt. ltd., P.O. Bakrahat,
 P.S. Bishnupur, Distt.-24 Pgs(S), Pin-743377.",22.38907,88.2089414
"M/s. P. U. Steel and Electro Process pvt. Ltd., Ruiya Industrial complex P.O. Patuliar PS-
 Khadar Distt. 24, PGS (N), West Bengal - 750119",22.710047,88.7108964
"M/s Old N Furniture 323, K.P. Mondal Road, PO & PS Budge Budge, Dist-24 PGS(S), Pin-700137",22.4625125,88.1717545
"M/s. Bhanu Metal Industries, Vill. Khamar, P.O.
 -Rajarhat, P.S.-Rajarhat, Dist. 24, PGS (N)-
 700135",22.6316481,88.4848336
